{
    "timestamp": "2025-04-02 17:15:12",
    "parameters": {
        "L": 10.0,
        "H": 1.0,
        "resolution": 50,
        "sulci_n": 1,
        "sulci_h": 2.0,
        "sulci_width": 1.0,
        "U_ref": 2.0,
        "D": 0.25,
        "mu": 1.0,
        "Pe": 4.0
    },
    "mesh": {
        "vertices": 5023,
        "cells": 7844
    },
    "results": {
        "total_mass": 0.32530764709983506,
        "flow_rate": 0.752663603951698,
        "elapsed_time": 62.86836290359497
    }
}