{
    "timestamp": "2025-03-30 12:00:24",
    "parameters": {
        "L": 10.0,
        "H": 1.0,
        "resolution": 50,
        "sulci_n": 1,
        "sulci_h": 2.0,
        "sulci_width": 1.0,
        "U_ref": 2.0,
        "D": 0.25,
        "mu": 1.0,
        "Pe": 4.0
    },
    "mesh": {
        "vertices": 5023,
        "cells": 7844
    },
    "results": {
        "total_mass": 3.667236964793085,
        "flow_rate": 0.752663603951698,
        "elapsed_time": 78.95514059066772
    }
}