{
    "timestamp": "2025-04-02 17:45:06",
    "parameters": {
        "L": 10.0,
        "H": 1.0,
        "resolution": 50,
        "sulci_n": 0,
        "sulci_h": 2.0,
        "sulci_width": 1.0,
        "U_ref": 2.0,
        "D": 0.25,
        "mu": 1.0,
        "Pe": 4.0
    },
    "mesh": {
        "vertices": 4970,
        "cells": 7738
    },
    "results": {
        "total_mass": 0.3604093655909118,
        "flow_rate": 0.577491836449315,
        "elapsed_time": 61.02004051208496
    }
}