{
    "timestamp": "2025-04-02 18:17:12",
    "parameters": {
        "L": 10.0,
        "H": 1.0,
        "resolution": 50,
        "sulci_n": 5,
        "sulci_h": 2.0,
        "sulci_width": 1.0,
        "U_ref": 2.0,
        "D": 0.25,
        "mu": 1.0,
        "Pe": 4.0
    },
    "mesh": {
        "vertices": 5209,
        "cells": 8216
    },
    "results": {
        "total_mass": 0.24061939830102366,
        "flow_rate": 0.43965988388311195,
        "elapsed_time": 66.85466408729553
    }
}